{"verificationLossVal": [0.07257068405548732, 0.09159584095080693, 0.08247911433378856, 0.0790800079703331, 0.07533413420120876, 0.0723685051004092, 0.06925124675035477, 0.06673852105935414, 0.0643732820947965, 0.06240591903527578, 0.06062184770901998, 0.0587289904554685, 0.05722763886054357, 0.0554478665192922, 0.05401947100957235, 0.05288357784350713, 0.05143758530418078, 0.050102206567923226, 0.04893897225459417, 0.0478214348355929, 0.0468072680135568, 0.04591238250335058, 0.04501644025246302, 0.044213208059469856, 0.04337691391507784, 0.042586784809827805, 0.04191700369119644, 0.041215404868125916, 0.040500491857528687, 0.0397961251437664, 0.039059011886517205, 0.038456172992785774, 0.03786872327327728, 0.03728108977278074, 0.03674354155858358, 0.03613127519687017, 0.035584950198729835, 0.034981075674295425, 0.03451093037923177, 0.033979869137207665, 0.03350219130516052, 0.03308027982711792, 0.03258472805221876, 0.03216260795791944, 0.031683081140120826, 0.03125090027848879, 0.030819317946831386, 0.03044021191696326, 0.030064806963006657, 0.029673368980487187, 0.029301032423973083, 0.028935291493932407, 0.02855750856300195, 0.028236872827013332, 0.02786160632967949, 0.027516814569632213, 0.027196396763126057, 0.026850996538996696, 0.0265152541299661, 0.026156241695086162, 0.025836129983266194, 0.025506348659594853, 0.02524547775586446, 0.02488820378979047, 0.024519021933277447, 0.02418649134536584, 0.02387515890101592, 0.023567234476407368, 0.023270233844717342, 0.02295181279381116, 0.022583552325765293, 0.022319471463561058, 0.021986475214362144, 0.021642999723553658, 0.021422906468311947, 0.021062629918257397, 0.020735154549280804, 0.020464946205417316, 0.020143562306960423, 0.01984400177995364, 0.01938623810807864, 0.01915863590935866, 0.01881171887119611, 0.01847471483051777, 0.018253845473130543, 0.017984727397561073, 0.017664396514495213, 0.01733090914785862, 0.017041477064291637, 0.01654379318157832, 0.016197573393583298, 0.016078328092892964, 0.01565735104183356, 0.015456878890593847, 0.015116432681679726, 0.014834820913771788, 0.014552917952338854], "signatureLossVal": [0.12944706281026205, 0.07106841603914897, 0.06549199173847835, 0.0629082943002383, 0.06117563943068186, 0.059687537451585136, 0.05841483175754547, 0.05739239975810051, 0.056315614531437554, 0.055373226602872215, 0.05458764607707659, 0.053425303349892296, 0.05252971996863683, 0.05164254580934843, 0.050829811642567314, 0.04981184502442678, 0.04905725146333376, 0.048015562196572624, 0.04716935008764267, 0.04635258888204893, 0.045785089333852134, 0.07257068405548732, 0.09159584095080693, 0.08247911433378856, 0.0790800079703331, 0.07533413420120876, 0.0723685051004092, 0.06925124675035477, 0.06673852105935414, 0.0643732820947965, 0.06240591903527578, 0.06062184770901998, 0.0587289904554685, 0.05722763886054357, 0.0554478665192922, 0.05401947100957235, 0.05288357784350713, 0.05143758530418078, 0.050102206567923226, 0.04893897225459417, 0.0478214348355929, 0.0468072680135568, 0.04591238250335058, 0.04501644025246302, 0.044213208059469856, 0.04337691391507784, 0.042586784809827805, 0.04191700369119644, 0.041215404868125916, 0.040500491857528687, 0.0397961251437664, 0.039059011886517205, 0.038456172992785774, 0.03786872327327728, 0.03728108977278074, 0.03674354155858358, 0.03613127519687017, 0.035584950198729835, 0.034981075674295425, 0.03451093037923177, 0.033979869137207665, 0.03350219130516052, 0.03308027982711792, 0.03258472805221876, 0.03216260795791944, 0.031683081140120826, 0.03125090027848879, 0.030819317946831386, 0.03044021191696326, 0.030064806963006657, 0.029673368980487187, 0.029301032423973083, 0.028935291493932407, 0.02855750856300195, 0.028236872827013332, 0.02786160632967949, 0.027516814569632213, 0.027196396763126057, 0.026850996538996696, 0.0265152541299661, 0.026156241695086162, 0.025836129983266194, 0.025506348659594853, 0.02524547775586446, 0.02488820378979047, 0.024519021933277447, 0.02418649134536584, 0.02387515890101592, 0.023567234476407368, 0.023270233844717342, 0.02295181279381116, 0.022583552325765293, 0.022319471463561058, 0.021986475214362144, 0.021642999723553658, 0.021422906468311947, 0.021062629918257397, 0.020735154549280804, 0.020464946205417316, 0.020143562306960423, 0.01984400177995364, 0.01938623810807864, 0.01915863590935866, 0.01881171887119611, 0.01847471483051777, 0.018253845473130543, 0.017984727397561073, 0.017664396514495213, 0.01733090914785862, 0.017041477064291637, 0.01654379318157832, 0.016197573393583298, 0.016078328092892964, 0.01565735104183356, 0.015456878890593847, 0.015116432681679726, 0.014834820913771788, 0.014552917952338854], "verificationLossTrain": [0.6152079639335474, 0.24475466894606748, 0.07813060594101746, 0.03809658787213266, 0.025587674618388217, 0.019899421371519566, 0.016154450713656843, 0.01372126315254718, 0.011915433880252143, 0.010562718845903873, 0.009446758117216328, 0.00861498536930109, 0.007897960177312294, 0.0072932456581232446, 0.0068009436945430934, 0.006359884379586826, 0.005955430989464124, 0.005583072275233765, 0.005237460679685076, 0.004930437232057254, 0.004641568229999393, 0.004388823367965718, 0.0041694744625904905, 0.00395695948585247, 0.0037611282411186644, 0.003580044945313906, 0.003416111556968341, 0.003263163787778467, 0.003132987728652855, 0.003023941448191181, 0.0028966282649586597, 0.002785694863026341, 0.0026696873343704888, 0.0025626181644232324, 0.002467016747687012, 0.002373635487553353, 0.0022879988925221064, 0.0022104942521157986, 0.0021327943250071257, 0.0020488328494442007, 0.001966324280753421, 0.0018912709007660549, 0.0018186596425948665, 0.001752664044033736, 0.0016876191657502204, 0.0016265234104745712, 0.0015675482184936602, 0.0015150502877077088, 0.001462856026288743, 0.0014137493126327172, 0.0013665737642440945, 0.0013203057654512425, 0.0012787625067479287, 0.001237393036717549, 0.0011975623929174617, 0.001160251163431288, 0.0011245362717697087, 0.001092291648092214, 0.001059893169440329, 0.0010306057229172438, 0.0009997163360822015, 0.0009737910659168847, 0.0009513708816181558, 0.0009234514121393053, 0.0008995609459816478, 0.0008777373368502595, 0.0008542453360860236, 0.0008349601751736676, 0.0008151627019591009, 0.0007951389901184788, 0.0007777965680967706, 0.0007609939808996083, 0.0007428008611896075, 0.0007277438562596217, 0.000712496371609935, 0.0006976126702890421, 0.0006838083063485101, 0.0006705324388652419, 0.0006560444307979196, 0.0006424921642368039, 0.0006301949348805161, 0.0006193966255523264, 0.0006080204014627574, 0.0005975450900829552, 0.0005891689664470808, 0.0005759402811236214, 0.0005669299134751782, 0.0005549761105309395, 0.000546827303575507, 0.0005335076918224028, 0.000526806583366124, 0.0005193198303459212, 0.000515235124718553, 0.000510425896209199, 0.00050338984268213, 0.0004944520381589731, 0.0004933362700588381],